id,subscribe
22501,no
22502,no
22503,no
22504,no
22505,no
22506,no
22507,no
22508,no
22509,no
22510,no
22511,no
22512,no
22513,no
22514,no
22515,no
22516,no
22517,no
22518,no
22519,no
22520,no
22521,no
22522,no
22523,no
22524,no
22525,no
22526,no
22527,no
22528,no
22529,no
22530,no
22531,no
22532,no
22533,no
22534,no
22535,no
22536,no
22537,no
22538,no
22539,no
22540,no
22541,no
22542,no
22543,no
22544,no
22545,no
22546,no
22547,no
22548,no
22549,no
22550,no
22551,no
22552,no
22553,no
22554,no
22555,no
22556,no
22557,no
22558,no
22559,no
22560,no
22561,no
22562,no
22563,no
22564,no
22565,no
22566,no
22567,no
22568,no
22569,no
22570,no
22571,no
22572,no
22573,no
22574,no
22575,no
22576,no
22577,no
22578,no
22579,no
22580,no
22581,no
22582,no
22583,no
22584,no
22585,no
22586,no
22587,no
22588,no
22589,no
22590,no
22591,no
22592,no
22593,no
22594,no
22595,no
22596,no
22597,no
22598,no
22599,no
22600,no
22601,no
22602,no
22603,no
22604,no
22605,no
22606,no
22607,no
22608,no
22609,no
22610,no
22611,no
22612,no
22613,no
22614,no
22615,no
22616,no
22617,no
22618,no
22619,no
22620,no
22621,no
22622,no
22623,no
22624,no
22625,no
22626,no
22627,no
22628,no
22629,no
22630,no
22631,no
22632,no
22633,no
22634,no
22635,no
22636,no
22637,no
22638,no
22639,no
22640,no
22641,no
22642,no
22643,no
22644,no
22645,no
22646,no
22647,no
22648,no
22649,no
22650,no
22651,no
22652,no
22653,no
22654,no
22655,no
22656,no
22657,no
22658,no
22659,no
22660,no
22661,no
22662,no
22663,no
22664,no
22665,no
22666,no
22667,no
22668,no
22669,no
22670,no
22671,no
22672,no
22673,no
22674,no
22675,no
22676,no
22677,no
22678,no
22679,no
22680,no
22681,no
22682,no
22683,no
22684,no
22685,no
22686,no
22687,no
22688,no
22689,no
22690,no
22691,no
22692,no
22693,no
22694,no
22695,no
22696,no
22697,no
22698,no
22699,no
22700,no
22701,no
22702,no
22703,no
22704,no
22705,no
22706,no
22707,no
22708,no
22709,no
22710,no
22711,no
22712,no
22713,no
22714,no
22715,no
22716,no
22717,no
22718,no
22719,no
22720,no
22721,no
22722,no
22723,no
22724,no
22725,no
22726,no
22727,no
22728,no
22729,no
22730,no
22731,no
22732,no
22733,no
22734,no
22735,no
22736,no
22737,no
22738,no
22739,no
22740,no
22741,no
22742,no
22743,no
22744,no
22745,no
22746,no
22747,no
22748,no
22749,no
22750,no
22751,no
22752,no
22753,no
22754,no
22755,no
22756,no
22757,no
22758,no
22759,no
22760,no
22761,no
22762,no
22763,no
22764,no
22765,no
22766,no
22767,no
22768,no
22769,no
22770,no
22771,no
22772,no
22773,no
22774,no
22775,no
22776,no
22777,no
22778,no
22779,no
22780,no
22781,no
22782,no
22783,no
22784,no
22785,no
22786,no
22787,no
22788,no
22789,no
22790,no
22791,no
22792,no
22793,no
22794,no
22795,no
22796,no
22797,no
22798,no
22799,no
22800,no
22801,no
22802,no
22803,no
22804,no
22805,no
22806,no
22807,no
22808,no
22809,no
22810,no
22811,no
22812,no
22813,no
22814,no
22815,no
22816,no
22817,no
22818,no
22819,no
22820,no
22821,no
22822,no
22823,no
22824,no
22825,no
22826,no
22827,no
22828,no
22829,no
22830,no
22831,no
22832,no
22833,no
22834,no
22835,no
22836,no
22837,no
22838,no
22839,no
22840,no
22841,no
22842,no
22843,no
22844,no
22845,no
22846,no
22847,no
22848,no
22849,no
22850,no
22851,no
22852,no
22853,no
22854,no
22855,no
22856,no
22857,no
22858,no
22859,no
22860,no
22861,no
22862,no
22863,no
22864,no
22865,no
22866,no
22867,no
22868,no
22869,no
22870,no
22871,no
22872,no
22873,no
22874,no
22875,no
22876,no
22877,no
22878,no
22879,no
22880,no
22881,no
22882,no
22883,no
22884,no
22885,no
22886,no
22887,no
22888,no
22889,no
22890,no
22891,no
22892,no
22893,no
22894,no
22895,no
22896,no
22897,no
22898,no
22899,no
22900,no
22901,no
22902,no
22903,no
22904,no
22905,no
22906,no
22907,no
22908,no
22909,no
22910,no
22911,no
22912,no
22913,no
22914,no
22915,no
22916,no
22917,no
22918,no
22919,no
22920,no
22921,no
22922,no
22923,no
22924,no
22925,no
22926,no
22927,no
22928,no
22929,no
22930,no
22931,no
22932,no
22933,no
22934,no
22935,no
22936,no
22937,no
22938,no
22939,no
22940,no
22941,no
22942,no
22943,no
22944,no
22945,no
22946,no
22947,no
22948,no
22949,no
22950,no
22951,no
22952,no
22953,no
22954,no
22955,no
22956,no
22957,no
22958,no
22959,no
22960,no
22961,no
22962,no
22963,no
22964,no
22965,no
22966,no
22967,no
22968,no
22969,no
22970,no
22971,no
22972,no
22973,no
22974,no
22975,no
22976,no
22977,no
22978,no
22979,no
22980,no
22981,no
22982,no
22983,no
22984,no
22985,no
22986,no
22987,no
22988,no
22989,no
22990,no
22991,no
22992,no
22993,no
22994,no
22995,no
22996,no
22997,no
22998,no
22999,no
23000,no
23001,no
23002,no
23003,no
23004,no
23005,no
23006,no
23007,no
23008,no
23009,no
23010,no
23011,no
23012,no
23013,no
23014,no
23015,no
23016,no
23017,no
23018,no
23019,no
23020,no
23021,no
23022,no
23023,no
23024,no
23025,no
23026,no
23027,no
23028,no
23029,no
23030,no
23031,no
23032,no
23033,no
23034,no
23035,no
23036,no
23037,no
23038,no
23039,no
23040,no
23041,no
23042,no
23043,no
23044,no
23045,no
23046,no
23047,no
23048,no
23049,no
23050,no
23051,no
23052,no
23053,no
23054,no
23055,no
23056,no
23057,no
23058,no
23059,no
23060,no
23061,no
23062,no
23063,no
23064,no
23065,no
23066,no
23067,no
23068,no
23069,no
23070,no
23071,no
23072,no
23073,no
23074,no
23075,no
23076,no
23077,no
23078,no
23079,no
23080,no
23081,no
23082,no
23083,no
23084,no
23085,no
23086,no
23087,no
23088,no
23089,no
23090,no
23091,no
23092,no
23093,no
23094,no
23095,no
23096,no
23097,no
23098,no
23099,no
23100,no
23101,no
23102,no
23103,no
23104,no
23105,no
23106,no
23107,no
23108,no
23109,no
23110,no
23111,no
23112,no
23113,no
23114,no
23115,no
23116,no
23117,no
23118,no
23119,no
23120,no
23121,no
23122,no
23123,no
23124,no
23125,no
23126,no
23127,no
23128,no
23129,no
23130,no
23131,no
23132,no
23133,no
23134,no
23135,no
23136,no
23137,no
23138,no
23139,no
23140,no
23141,no
23142,no
23143,no
23144,no
23145,no
23146,no
23147,no
23148,no
23149,no
23150,no
23151,no
23152,no
23153,no
23154,no
23155,no
23156,no
23157,no
23158,no
23159,no
23160,no
23161,no
23162,no
23163,no
23164,no
23165,no
23166,no
23167,no
23168,no
23169,no
23170,no
23171,no
23172,no
23173,no
23174,no
23175,no
23176,no
23177,no
23178,no
23179,no
23180,no
23181,no
23182,no
23183,no
23184,no
23185,no
23186,no
23187,no
23188,no
23189,no
23190,no
23191,no
23192,no
23193,no
23194,no
23195,no
23196,no
23197,no
23198,no
23199,no
23200,no
23201,no
23202,no
23203,no
23204,no
23205,no
23206,no
23207,no
23208,no
23209,no
23210,no
23211,no
23212,no
23213,no
23214,no
23215,no
23216,no
23217,no
23218,no
23219,no
23220,no
23221,no
23222,no
23223,no
23224,no
23225,no
23226,no
23227,no
23228,no
23229,no
23230,no
23231,no
23232,no
23233,no
23234,no
23235,no
23236,no
23237,no
23238,no
23239,no
23240,no
23241,no
23242,no
23243,no
23244,no
23245,no
23246,no
23247,no
23248,no
23249,no
23250,no
23251,no
23252,no
23253,no
23254,no
23255,no
23256,no
23257,no
23258,no
23259,no
23260,no
23261,no
23262,no
23263,no
23264,no
23265,no
23266,no
23267,no
23268,no
23269,no
23270,no
23271,no
23272,no
23273,no
23274,no
23275,no
23276,no
23277,no
23278,no
23279,no
23280,no
23281,no
23282,no
23283,no
23284,no
23285,no
23286,no
23287,no
23288,no
23289,no
23290,no
23291,no
23292,no
23293,no
23294,no
23295,no
23296,no
23297,no
23298,no
23299,no
23300,no
23301,no
23302,no
23303,no
23304,no
23305,no
23306,no
23307,no
23308,no
23309,no
23310,no
23311,no
23312,no
23313,no
23314,no
23315,no
23316,no
23317,no
23318,no
23319,no
23320,no
23321,no
23322,no
23323,no
23324,no
23325,no
23326,no
23327,no
23328,no
23329,no
23330,no
23331,no
23332,no
23333,no
23334,no
23335,no
23336,no
23337,no
23338,no
23339,no
23340,no
23341,no
23342,no
23343,no
23344,no
23345,no
23346,no
23347,no
23348,no
23349,no
23350,no
23351,no
23352,no
23353,no
23354,no
23355,no
23356,no
23357,no
23358,no
23359,no
23360,no
23361,no
23362,no
23363,no
23364,no
23365,no
23366,no
23367,no
23368,no
23369,no
23370,no
23371,no
23372,no
23373,no
23374,no
23375,no
23376,no
23377,no
23378,no
23379,no
23380,no
23381,no
23382,no
23383,no
23384,no
23385,no
23386,no
23387,no
23388,no
23389,no
23390,no
23391,no
23392,no
23393,no
23394,no
23395,no
23396,no
23397,no
23398,no
23399,no
23400,no
23401,no
23402,no
23403,no
23404,no
23405,no
23406,no
23407,no
23408,no
23409,no
23410,no
23411,no
23412,no
23413,no
23414,no
23415,no
23416,no
23417,no
23418,no
23419,no
23420,no
23421,no
23422,no
23423,no
23424,no
23425,no
23426,no
23427,no
23428,no
23429,no
23430,no
23431,no
23432,no
23433,no
23434,no
23435,no
23436,no
23437,no
23438,no
23439,no
23440,no
23441,no
23442,no
23443,no
23444,no
23445,no
23446,no
23447,no
23448,no
23449,no
23450,no
23451,no
23452,no
23453,no
23454,no
23455,no
23456,no
23457,no
23458,no
23459,no
23460,no
23461,no
23462,no
23463,no
23464,no
23465,no
23466,no
23467,no
23468,no
23469,no
23470,no
23471,no
23472,no
23473,no
23474,no
23475,no
23476,no
23477,no
23478,no
23479,no
23480,no
23481,no
23482,no
23483,no
23484,no
23485,no
23486,no
23487,no
23488,no
23489,no
23490,no
23491,no
23492,no
23493,no
23494,no
23495,no
23496,no
23497,no
23498,no
23499,no
23500,no
23501,no
23502,no
23503,no
23504,no
23505,no
23506,no
23507,no
23508,no
23509,no
23510,no
23511,no
23512,no
23513,no
23514,no
23515,no
23516,no
23517,no
23518,no
23519,no
23520,no
23521,no
23522,no
23523,no
23524,no
23525,no
23526,no
23527,no
23528,no
23529,no
23530,no
23531,no
23532,no
23533,no
23534,no
23535,no
23536,no
23537,no
23538,no
23539,no
23540,no
23541,no
23542,no
23543,no
23544,no
23545,no
23546,no
23547,no
23548,no
23549,no
23550,no
23551,no
23552,no
23553,no
23554,no
23555,no
23556,no
23557,no
23558,no
23559,no
23560,no
23561,no
23562,no
23563,no
23564,no
23565,no
23566,no
23567,no
23568,no
23569,no
23570,no
23571,no
23572,no
23573,no
23574,no
23575,no
23576,no
23577,no
23578,no
23579,no
23580,no
23581,no
23582,no
23583,no
23584,no
23585,no
23586,no
23587,no
23588,no
23589,no
23590,no
23591,no
23592,no
23593,no
23594,no
23595,no
23596,no
23597,no
23598,no
23599,no
23600,no
23601,no
23602,no
23603,no
23604,no
23605,no
23606,no
23607,no
23608,no
23609,no
23610,no
23611,no
23612,no
23613,no
23614,no
23615,no
23616,no
23617,no
23618,no
23619,no
23620,no
23621,no
23622,no
23623,no
23624,no
23625,no
23626,no
23627,no
23628,no
23629,no
23630,no
23631,no
23632,no
23633,no
23634,no
23635,no
23636,no
23637,no
23638,no
23639,no
23640,no
23641,no
23642,no
23643,no
23644,no
23645,no
23646,no
23647,no
23648,no
23649,no
23650,no
23651,no
23652,no
23653,no
23654,no
23655,no
23656,no
23657,no
23658,no
23659,no
23660,no
23661,no
23662,no
23663,no
23664,no
23665,no
23666,no
23667,no
23668,no
23669,no
23670,no
23671,no
23672,no
23673,no
23674,no
23675,no
23676,no
23677,no
23678,no
23679,no
23680,no
23681,no
23682,no
23683,no
23684,no
23685,no
23686,no
23687,no
23688,no
23689,no
23690,no
23691,no
23692,no
23693,no
23694,no
23695,no
23696,no
23697,no
23698,no
23699,no
23700,no
23701,no
23702,no
23703,no
23704,no
23705,no
23706,no
23707,no
23708,no
23709,no
23710,no
23711,no
23712,no
23713,no
23714,no
23715,no
23716,no
23717,no
23718,no
23719,no
23720,no
23721,no
23722,no
23723,no
23724,no
23725,no
23726,no
23727,no
23728,no
23729,no
23730,no
23731,no
23732,no
23733,no
23734,no
23735,no
23736,no
23737,no
23738,no
23739,no
23740,no
23741,no
23742,no
23743,no
23744,no
23745,no
23746,no
23747,no
23748,no
23749,no
23750,no
23751,no
23752,no
23753,no
23754,no
23755,no
23756,no
23757,no
23758,no
23759,no
23760,no
23761,no
23762,no
23763,no
23764,no
23765,no
23766,no
23767,no
23768,no
23769,no
23770,no
23771,no
23772,no
23773,no
23774,no
23775,no
23776,no
23777,no
23778,no
23779,no
23780,no
23781,no
23782,no
23783,no
23784,no
23785,no
23786,no
23787,no
23788,no
23789,no
23790,no
23791,no
23792,no
23793,no
23794,no
23795,no
23796,no
23797,no
23798,no
23799,no
23800,no
23801,no
23802,no
23803,no
23804,no
23805,no
23806,no
23807,no
23808,no
23809,no
23810,no
23811,no
23812,no
23813,no
23814,no
23815,no
23816,no
23817,no
23818,no
23819,no
23820,no
23821,no
23822,no
23823,no
23824,no
23825,no
23826,no
23827,no
23828,no
23829,no
23830,no
23831,no
23832,no
23833,no
23834,no
23835,no
23836,no
23837,no
23838,no
23839,no
23840,no
23841,no
23842,no
23843,no
23844,no
23845,no
23846,no
23847,no
23848,no
23849,no
23850,no
23851,no
23852,no
23853,no
23854,no
23855,no
23856,no
23857,no
23858,no
23859,no
23860,no
23861,no
23862,no
23863,no
23864,no
23865,no
23866,no
23867,no
23868,no
23869,no
23870,no
23871,no
23872,no
23873,no
23874,no
23875,no
23876,no
23877,no
23878,no
23879,no
23880,no
23881,no
23882,no
23883,no
23884,no
23885,no
23886,no
23887,no
23888,no
23889,no
23890,no
23891,no
23892,no
23893,no
23894,no
23895,no
23896,no
23897,no
23898,no
23899,no
23900,no
23901,no
23902,no
23903,no
23904,no
23905,no
23906,no
23907,no
23908,no
23909,no
23910,no
23911,no
23912,no
23913,no
23914,no
23915,no
23916,no
23917,no
23918,no
23919,no
23920,no
23921,no
23922,no
23923,no
23924,no
23925,no
23926,no
23927,no
23928,no
23929,no
23930,no
23931,no
23932,no
23933,no
23934,no
23935,no
23936,no
23937,no
23938,no
23939,no
23940,no
23941,no
23942,no
23943,no
23944,no
23945,no
23946,no
23947,no
23948,no
23949,no
23950,no
23951,no
23952,no
23953,no
23954,no
23955,no
23956,no
23957,no
23958,no
23959,no
23960,no
23961,no
23962,no
23963,no
23964,no
23965,no
23966,no
23967,no
23968,no
23969,no
23970,no
23971,no
23972,no
23973,no
23974,no
23975,no
23976,no
23977,no
23978,no
23979,no
23980,no
23981,no
23982,no
23983,no
23984,no
23985,no
23986,no
23987,no
23988,no
23989,no
23990,no
23991,no
23992,no
23993,no
23994,no
23995,no
23996,no
23997,no
23998,no
23999,no
24000,no
24001,no
24002,no
24003,no
24004,no
24005,no
24006,no
24007,no
24008,no
24009,no
24010,no
24011,no
24012,no
24013,no
24014,no
24015,no
24016,no
24017,no
24018,no
24019,no
24020,no
24021,no
24022,no
24023,no
24024,no
24025,no
24026,no
24027,no
24028,no
24029,no
24030,no
24031,no
24032,no
24033,no
24034,no
24035,no
24036,no
24037,no
24038,no
24039,no
24040,no
24041,no
24042,no
24043,no
24044,no
24045,no
24046,no
24047,no
24048,no
24049,no
24050,no
24051,no
24052,no
24053,no
24054,no
24055,no
24056,no
24057,no
24058,no
24059,no
24060,no
24061,no
24062,no
24063,no
24064,no
24065,no
24066,no
24067,no
24068,no
24069,no
24070,no
24071,no
24072,no
24073,no
24074,no
24075,no
24076,no
24077,no
24078,no
24079,no
24080,no
24081,no
24082,no
24083,no
24084,no
24085,no
24086,no
24087,no
24088,no
24089,no
24090,no
24091,no
24092,no
24093,no
24094,no
24095,no
24096,no
24097,no
24098,no
24099,no
24100,no
24101,no
24102,no
24103,no
24104,no
24105,no
24106,no
24107,no
24108,no
24109,no
24110,no
24111,no
24112,no
24113,no
24114,no
24115,no
24116,no
24117,no
24118,no
24119,no
24120,no
24121,no
24122,no
24123,no
24124,no
24125,no
24126,no
24127,no
24128,no
24129,no
24130,no
24131,no
24132,no
24133,no
24134,no
24135,no
24136,no
24137,no
24138,no
24139,no
24140,no
24141,no
24142,no
24143,no
24144,no
24145,no
24146,no
24147,no
24148,no
24149,no
24150,no
24151,no
24152,no
24153,no
24154,no
24155,no
24156,no
24157,no
24158,no
24159,no
24160,no
24161,no
24162,no
24163,no
24164,no
24165,no
24166,no
24167,no
24168,no
24169,no
24170,no
24171,no
24172,no
24173,no
24174,no
24175,no
24176,no
24177,no
24178,no
24179,no
24180,no
24181,no
24182,no
24183,no
24184,no
24185,no
24186,no
24187,no
24188,no
24189,no
24190,no
24191,no
24192,no
24193,no
24194,no
24195,no
24196,no
24197,no
24198,no
24199,no
24200,no
24201,no
24202,no
24203,no
24204,no
24205,no
24206,no
24207,no
24208,no
24209,no
24210,no
24211,no
24212,no
24213,no
24214,no
24215,no
24216,no
24217,no
24218,no
24219,no
24220,no
24221,no
24222,no
24223,no
24224,no
24225,no
24226,no
24227,no
24228,no
24229,no
24230,no
24231,no
24232,no
24233,no
24234,no
24235,no
24236,no
24237,no
24238,no
24239,no
24240,no
24241,no
24242,no
24243,no
24244,no
24245,no
24246,no
24247,no
24248,no
24249,no
24250,no
24251,no
24252,no
24253,no
24254,no
24255,no
24256,no
24257,no
24258,no
24259,no
24260,no
24261,no
24262,no
24263,no
24264,no
24265,no
24266,no
24267,no
24268,no
24269,no
24270,no
24271,no
24272,no
24273,no
24274,no
24275,no
24276,no
24277,no
24278,no
24279,no
24280,no
24281,no
24282,no
24283,no
24284,no
24285,no
24286,no
24287,no
24288,no
24289,no
24290,no
24291,no
24292,no
24293,no
24294,no
24295,no
24296,no
24297,no
24298,no
24299,no
24300,no
24301,no
24302,no
24303,no
24304,no
24305,no
24306,no
24307,no
24308,no
24309,no
24310,no
24311,no
24312,no
24313,no
24314,no
24315,no
24316,no
24317,no
24318,no
24319,no
24320,no
24321,no
24322,no
24323,no
24324,no
24325,no
24326,no
24327,no
24328,no
24329,no
24330,no
24331,no
24332,no
24333,no
24334,no
24335,no
24336,no
24337,no
24338,no
24339,no
24340,no
24341,no
24342,no
24343,no
24344,no
24345,no
24346,no
24347,no
24348,no
24349,no
24350,no
24351,no
24352,no
24353,no
24354,no
24355,no
24356,no
24357,no
24358,no
24359,no
24360,no
24361,no
24362,no
24363,no
24364,no
24365,no
24366,no
24367,no
24368,no
24369,no
24370,no
24371,no
24372,no
24373,no
24374,no
24375,no
24376,no
24377,no
24378,no
24379,no
24380,no
24381,no
24382,no
24383,no
24384,no
24385,no
24386,no
24387,no
24388,no
24389,no
24390,no
24391,no
24392,no
24393,no
24394,no
24395,no
24396,no
24397,no
24398,no
24399,no
24400,no
24401,no
24402,no
24403,no
24404,no
24405,no
24406,no
24407,no
24408,no
24409,no
24410,no
24411,no
24412,no
24413,no
24414,no
24415,no
24416,no
24417,no
24418,no
24419,no
24420,no
24421,no
24422,no
24423,no
24424,no
24425,no
24426,no
24427,no
24428,no
24429,no
24430,no
24431,no
24432,no
24433,no
24434,no
24435,no
24436,no
24437,no
24438,no
24439,no
24440,no
24441,no
24442,no
24443,no
24444,no
24445,no
24446,no
24447,no
24448,no
24449,no
24450,no
24451,no
24452,no
24453,no
24454,no
24455,no
24456,no
24457,no
24458,no
24459,no
24460,no
24461,no
24462,no
24463,no
24464,no
24465,no
24466,no
24467,no
24468,no
24469,no
24470,no
24471,no
24472,no
24473,no
24474,no
24475,no
24476,no
24477,no
24478,no
24479,no
24480,no
24481,no
24482,no
24483,no
24484,no
24485,no
24486,no
24487,no
24488,no
24489,no
24490,no
24491,no
24492,no
24493,no
24494,no
24495,no
24496,no
24497,no
24498,no
24499,no
24500,no
24501,no
24502,no
24503,no
24504,no
24505,no
24506,no
24507,no
24508,no
24509,no
24510,no
24511,no
24512,no
24513,no
24514,no
24515,no
24516,no
24517,no
24518,no
24519,no
24520,no
24521,no
24522,no
24523,no
24524,no
24525,no
24526,no
24527,no
24528,no
24529,no
24530,no
24531,no
24532,no
24533,no
24534,no
24535,no
24536,no
24537,no
24538,no
24539,no
24540,no
24541,no
24542,no
24543,no
24544,no
24545,no
24546,no
24547,no
24548,no
24549,no
24550,no
24551,no
24552,no
24553,no
24554,no
24555,no
24556,no
24557,no
24558,no
24559,no
24560,no
24561,no
24562,no
24563,no
24564,no
24565,no
24566,no
24567,no
24568,no
24569,no
24570,no
24571,no
24572,no
24573,no
24574,no
24575,no
24576,no
24577,no
24578,no
24579,no
24580,no
24581,no
24582,no
24583,no
24584,no
24585,no
24586,no
24587,no
24588,no
24589,no
24590,no
24591,no
24592,no
24593,no
24594,no
24595,no
24596,no
24597,no
24598,no
24599,no
24600,no
24601,no
24602,no
24603,no
24604,no
24605,no
24606,no
24607,no
24608,no
24609,no
24610,no
24611,no
24612,no
24613,no
24614,no
24615,no
24616,no
24617,no
24618,no
24619,no
24620,no
24621,no
24622,no
24623,no
24624,no
24625,no
24626,no
24627,no
24628,no
24629,no
24630,no
24631,no
24632,no
24633,no
24634,no
24635,no
24636,no
24637,no
24638,no
24639,no
24640,no
24641,no
24642,no
24643,no
24644,no
24645,no
24646,no
24647,no
24648,no
24649,no
24650,no
24651,no
24652,no
24653,no
24654,no
24655,no
24656,no
24657,no
24658,no
24659,no
24660,no
24661,no
24662,no
24663,no
24664,no
24665,no
24666,no
24667,no
24668,no
24669,no
24670,no
24671,no
24672,no
24673,no
24674,no
24675,no
24676,no
24677,no
24678,no
24679,no
24680,no
24681,no
24682,no
24683,no
24684,no
24685,no
24686,no
24687,no
24688,no
24689,no
24690,no
24691,no
24692,no
24693,no
24694,no
24695,no
24696,no
24697,no
24698,no
24699,no
24700,no
24701,no
24702,no
24703,no
24704,no
24705,no
24706,no
24707,no
24708,no
24709,no
24710,no
24711,no
24712,no
24713,no
24714,no
24715,no
24716,no
24717,no
24718,no
24719,no
24720,no
24721,no
24722,no
24723,no
24724,no
24725,no
24726,no
24727,no
24728,no
24729,no
24730,no
24731,no
24732,no
24733,no
24734,no
24735,no
24736,no
24737,no
24738,no
24739,no
24740,no
24741,no
24742,no
24743,no
24744,no
24745,no
24746,no
24747,no
24748,no
24749,no
24750,no
24751,no
24752,no
24753,no
24754,no
24755,no
24756,no
24757,no
24758,no
24759,no
24760,no
24761,no
24762,no
24763,no
24764,no
24765,no
24766,no
24767,no
24768,no
24769,no
24770,no
24771,no
24772,no
24773,no
24774,no
24775,no
24776,no
24777,no
24778,no
24779,no
24780,no
24781,no
24782,no
24783,no
24784,no
24785,no
24786,no
24787,no
24788,no
24789,no
24790,no
24791,no
24792,no
24793,no
24794,no
24795,no
24796,no
24797,no
24798,no
24799,no
24800,no
24801,no
24802,no
24803,no
24804,no
24805,no
24806,no
24807,no
24808,no
24809,no
24810,no
24811,no
24812,no
24813,no
24814,no
24815,no
24816,no
24817,no
24818,no
24819,no
24820,no
24821,no
24822,no
24823,no
24824,no
24825,no
24826,no
24827,no
24828,no
24829,no
24830,no
24831,no
24832,no
24833,no
24834,no
24835,no
24836,no
24837,no
24838,no
24839,no
24840,no
24841,no
24842,no
24843,no
24844,no
24845,no
24846,no
24847,no
24848,no
24849,no
24850,no
24851,no
24852,no
24853,no
24854,no
24855,no
24856,no
24857,no
24858,no
24859,no
24860,no
24861,no
24862,no
24863,no
24864,no
24865,no
24866,no
24867,no
24868,no
24869,no
24870,no
24871,no
24872,no
24873,no
24874,no
24875,no
24876,no
24877,no
24878,no
24879,no
24880,no
24881,no
24882,no
24883,no
24884,no
24885,no
24886,no
24887,no
24888,no
24889,no
24890,no
24891,no
24892,no
24893,no
24894,no
24895,no
24896,no
24897,no
24898,no
24899,no
24900,no
24901,no
24902,no
24903,no
24904,no
24905,no
24906,no
24907,no
24908,no
24909,no
24910,no
24911,no
24912,no
24913,no
24914,no
24915,no
24916,no
24917,no
24918,no
24919,no
24920,no
24921,no
24922,no
24923,no
24924,no
24925,no
24926,no
24927,no
24928,no
24929,no
24930,no
24931,no
24932,no
24933,no
24934,no
24935,no
24936,no
24937,no
24938,no
24939,no
24940,no
24941,no
24942,no
24943,no
24944,no
24945,no
24946,no
24947,no
24948,no
24949,no
24950,no
24951,no
24952,no
24953,no
24954,no
24955,no
24956,no
24957,no
24958,no
24959,no
24960,no
24961,no
24962,no
24963,no
24964,no
24965,no
24966,no
24967,no
24968,no
24969,no
24970,no
24971,no
24972,no
24973,no
24974,no
24975,no
24976,no
24977,no
24978,no
24979,no
24980,no
24981,no
24982,no
24983,no
24984,no
24985,no
24986,no
24987,no
24988,no
24989,no
24990,no
24991,no
24992,no
24993,no
24994,no
24995,no
24996,no
24997,no
24998,no
24999,no
25000,no
25001,no
25002,no
25003,no
25004,no
25005,no
25006,no
25007,no
25008,no
25009,no
25010,no
25011,no
25012,no
25013,no
25014,no
25015,no
25016,no
25017,no
25018,no
25019,no
25020,no
25021,no
25022,no
25023,no
25024,no
25025,no
25026,no
25027,no
25028,no
25029,no
25030,no
25031,no
25032,no
25033,no
25034,no
25035,no
25036,no
25037,no
25038,no
25039,no
25040,no
25041,no
25042,no
25043,no
25044,no
25045,no
25046,no
25047,no
25048,no
25049,no
25050,no
25051,no
25052,no
25053,no
25054,no
25055,no
25056,no
25057,no
25058,no
25059,no
25060,no
25061,no
25062,no
25063,no
25064,no
25065,no
25066,no
25067,no
25068,no
25069,no
25070,no
25071,no
25072,no
25073,no
25074,no
25075,no
25076,no
25077,no
25078,no
25079,no
25080,no
25081,no
25082,no
25083,no
25084,no
25085,no
25086,no
25087,no
25088,no
25089,no
25090,no
25091,no
25092,no
25093,no
25094,no
25095,no
25096,no
25097,no
25098,no
25099,no
25100,no
25101,no
25102,no
25103,no
25104,no
25105,no
25106,no
25107,no
25108,no
25109,no
25110,no
25111,no
25112,no
25113,no
25114,no
25115,no
25116,no
25117,no
25118,no
25119,no
25120,no
25121,no
25122,no
25123,no
25124,no
25125,no
25126,no
25127,no
25128,no
25129,no
25130,no
25131,no
25132,no
25133,no
25134,no
25135,no
25136,no
25137,no
25138,no
25139,no
25140,no
25141,no
25142,no
25143,no
25144,no
25145,no
25146,no
25147,no
25148,no
25149,no
25150,no
25151,no
25152,no
25153,no
25154,no
25155,no
25156,no
25157,no
25158,no
25159,no
25160,no
25161,no
25162,no
25163,no
25164,no
25165,no
25166,no
25167,no
25168,no
25169,no
25170,no
25171,no
25172,no
25173,no
25174,no
25175,no
25176,no
25177,no
25178,no
25179,no
25180,no
25181,no
25182,no
25183,no
25184,no
25185,no
25186,no
25187,no
25188,no
25189,no
25190,no
25191,no
25192,no
25193,no
25194,no
25195,no
25196,no
25197,no
25198,no
25199,no
25200,no
25201,no
25202,no
25203,no
25204,no
25205,no
25206,no
25207,no
25208,no
25209,no
25210,no
25211,no
25212,no
25213,no
25214,no
25215,no
25216,no
25217,no
25218,no
25219,no
25220,no
25221,no
25222,no
25223,no
25224,no
25225,no
25226,no
25227,no
25228,no
25229,no
25230,no
25231,no
25232,no
25233,no
25234,no
25235,no
25236,no
25237,no
25238,no
25239,no
25240,no
25241,no
25242,no
25243,no
25244,no
25245,no
25246,no
25247,no
25248,no
25249,no
25250,no
25251,no
25252,no
25253,no
25254,no
25255,no
25256,no
25257,no
25258,no
25259,no
25260,no
25261,no
25262,no
25263,no
25264,no
25265,no
25266,no
25267,no
25268,no
25269,no
25270,no
25271,no
25272,no
25273,no
25274,no
25275,no
25276,no
25277,no
25278,no
25279,no
25280,no
25281,no
25282,no
25283,no
25284,no
25285,no
25286,no
25287,no
25288,no
25289,no
25290,no
25291,no
25292,no
25293,no
25294,no
25295,no
25296,no
25297,no
25298,no
25299,no
25300,no
25301,no
25302,no
25303,no
25304,no
25305,no
25306,no
25307,no
25308,no
25309,no
25310,no
25311,no
25312,no
25313,no
25314,no
25315,no
25316,no
25317,no
25318,no
25319,no
25320,no
25321,no
25322,no
25323,no
25324,no
25325,no
25326,no
25327,no
25328,no
25329,no
25330,no
25331,no
25332,no
25333,no
25334,no
25335,no
25336,no
25337,no
25338,no
25339,no
25340,no
25341,no
25342,no
25343,no
25344,no
25345,no
25346,no
25347,no
25348,no
25349,no
25350,no
25351,no
25352,no
25353,no
25354,no
25355,no
25356,no
25357,no
25358,no
25359,no
25360,no
25361,no
25362,no
25363,no
25364,no
25365,no
25366,no
25367,no
25368,no
25369,no
25370,no
25371,no
25372,no
25373,no
25374,no
25375,no
25376,no
25377,no
25378,no
25379,no
25380,no
25381,no
25382,no
25383,no
25384,no
25385,no
25386,no
25387,no
25388,no
25389,no
25390,no
25391,no
25392,no
25393,no
25394,no
25395,no
25396,no
25397,no
25398,no
25399,no
25400,no
25401,no
25402,no
25403,no
25404,no
25405,no
25406,no
25407,no
25408,no
25409,no
25410,no
25411,no
25412,no
25413,no
25414,no
25415,no
25416,no
25417,no
25418,no
25419,no
25420,no
25421,no
25422,no
25423,no
25424,no
25425,no
25426,no
25427,no
25428,no
25429,no
25430,no
25431,no
25432,no
25433,no
25434,no
25435,no
25436,no
25437,no
25438,no
25439,no
25440,no
25441,no
25442,no
25443,no
25444,no
25445,no
25446,no
25447,no
25448,no
25449,no
25450,no
25451,no
25452,no
25453,no
25454,no
25455,no
25456,no
25457,no
25458,no
25459,no
25460,no
25461,no
25462,no
25463,no
25464,no
25465,no
25466,no
25467,no
25468,no
25469,no
25470,no
25471,no
25472,no
25473,no
25474,no
25475,no
25476,no
25477,no
25478,no
25479,no
25480,no
25481,no
25482,no
25483,no
25484,no
25485,no
25486,no
25487,no
25488,no
25489,no
25490,no
25491,no
25492,no
25493,no
25494,no
25495,no
25496,no
25497,no
25498,no
25499,no
25500,no
25501,no
25502,no
25503,no
25504,no
25505,no
25506,no
25507,no
25508,no
25509,no
25510,no
25511,no
25512,no
25513,no
25514,no
25515,no
25516,no
25517,no
25518,no
25519,no
25520,no
25521,no
25522,no
25523,no
25524,no
25525,no
25526,no
25527,no
25528,no
25529,no
25530,no
25531,no
25532,no
25533,no
25534,no
25535,no
25536,no
25537,no
25538,no
25539,no
25540,no
25541,no
25542,no
25543,no
25544,no
25545,no
25546,no
25547,no
25548,no
25549,no
25550,no
25551,no
25552,no
25553,no
25554,no
25555,no
25556,no
25557,no
25558,no
25559,no
25560,no
25561,no
25562,no
25563,no
25564,no
25565,no
25566,no
25567,no
25568,no
25569,no
25570,no
25571,no
25572,no
25573,no
25574,no
25575,no
25576,no
25577,no
25578,no
25579,no
25580,no
25581,no
25582,no
25583,no
25584,no
25585,no
25586,no
25587,no
25588,no
25589,no
25590,no
25591,no
25592,no
25593,no
25594,no
25595,no
25596,no
25597,no
25598,no
25599,no
25600,no
25601,no
25602,no
25603,no
25604,no
25605,no
25606,no
25607,no
25608,no
25609,no
25610,no
25611,no
25612,no
25613,no
25614,no
25615,no
25616,no
25617,no
25618,no
25619,no
25620,no
25621,no
25622,no
25623,no
25624,no
25625,no
25626,no
25627,no
25628,no
25629,no
25630,no
25631,no
25632,no
25633,no
25634,no
25635,no
25636,no
25637,no
25638,no
25639,no
25640,no
25641,no
25642,no
25643,no
25644,no
25645,no
25646,no
25647,no
25648,no
25649,no
25650,no
25651,no
25652,no
25653,no
25654,no
25655,no
25656,no
25657,no
25658,no
25659,no
25660,no
25661,no
25662,no
25663,no
25664,no
25665,no
25666,no
25667,no
25668,no
25669,no
25670,no
25671,no
25672,no
25673,no
25674,no
25675,no
25676,no
25677,no
25678,no
25679,no
25680,no
25681,no
25682,no
25683,no
25684,no
25685,no
25686,no
25687,no
25688,no
25689,no
25690,no
25691,no
25692,no
25693,no
25694,no
25695,no
25696,no
25697,no
25698,no
25699,no
25700,no
25701,no
25702,no
25703,no
25704,no
25705,no
25706,no
25707,no
25708,no
25709,no
25710,no
25711,no
25712,no
25713,no
25714,no
25715,no
25716,no
25717,no
25718,no
25719,no
25720,no
25721,no
25722,no
25723,no
25724,no
25725,no
25726,no
25727,no
25728,no
25729,no
25730,no
25731,no
25732,no
25733,no
25734,no
25735,no
25736,no
25737,no
25738,no
25739,no
25740,no
25741,no
25742,no
25743,no
25744,no
25745,no
25746,no
25747,no
25748,no
25749,no
25750,no
25751,no
25752,no
25753,no
25754,no
25755,no
25756,no
25757,no
25758,no
25759,no
25760,no
25761,no
25762,no
25763,no
25764,no
25765,no
25766,no
25767,no
25768,no
25769,no
25770,no
25771,no
25772,no
25773,no
25774,no
25775,no
25776,no
25777,no
25778,no
25779,no
25780,no
25781,no
25782,no
25783,no
25784,no
25785,no
25786,no
25787,no
25788,no
25789,no
25790,no
25791,no
25792,no
25793,no
25794,no
25795,no
25796,no
25797,no
25798,no
25799,no
25800,no
25801,no
25802,no
25803,no
25804,no
25805,no
25806,no
25807,no
25808,no
25809,no
25810,no
25811,no
25812,no
25813,no
25814,no
25815,no
25816,no
25817,no
25818,no
25819,no
25820,no
25821,no
25822,no
25823,no
25824,no
25825,no
25826,no
25827,no
25828,no
25829,no
25830,no
25831,no
25832,no
25833,no
25834,no
25835,no
25836,no
25837,no
25838,no
25839,no
25840,no
25841,no
25842,no
25843,no
25844,no
25845,no
25846,no
25847,no
25848,no
25849,no
25850,no
25851,no
25852,no
25853,no
25854,no
25855,no
25856,no
25857,no
25858,no
25859,no
25860,no
25861,no
25862,no
25863,no
25864,no
25865,no
25866,no
25867,no
25868,no
25869,no
25870,no
25871,no
25872,no
25873,no
25874,no
25875,no
25876,no
25877,no
25878,no
25879,no
25880,no
25881,no
25882,no
25883,no
25884,no
25885,no
25886,no
25887,no
25888,no
25889,no
25890,no
25891,no
25892,no
25893,no
25894,no
25895,no
25896,no
25897,no
25898,no
25899,no
25900,no
25901,no
25902,no
25903,no
25904,no
25905,no
25906,no
25907,no
25908,no
25909,no
25910,no
25911,no
25912,no
25913,no
25914,no
25915,no
25916,no
25917,no
25918,no
25919,no
25920,no
25921,no
25922,no
25923,no
25924,no
25925,no
25926,no
25927,no
25928,no
25929,no
25930,no
25931,no
25932,no
25933,no
25934,no
25935,no
25936,no
25937,no
25938,no
25939,no
25940,no
25941,no
25942,no
25943,no
25944,no
25945,no
25946,no
25947,no
25948,no
25949,no
25950,no
25951,no
25952,no
25953,no
25954,no
25955,no
25956,no
25957,no
25958,no
25959,no
25960,no
25961,no
25962,no
25963,no
25964,no
25965,no
25966,no
25967,no
25968,no
25969,no
25970,no
25971,no
25972,no
25973,no
25974,no
25975,no
25976,no
25977,no
25978,no
25979,no
25980,no
25981,no
25982,no
25983,no
25984,no
25985,no
25986,no
25987,no
25988,no
25989,no
25990,no
25991,no
25992,no
25993,no
25994,no
25995,no
25996,no
25997,no
25998,no
25999,no
26000,no
26001,no
26002,no
26003,no
26004,no
26005,no
26006,no
26007,no
26008,no
26009,no
26010,no
26011,no
26012,no
26013,no
26014,no
26015,no
26016,no
26017,no
26018,no
26019,no
26020,no
26021,no
26022,no
26023,no
26024,no
26025,no
26026,no
26027,no
26028,no
26029,no
26030,no
26031,no
26032,no
26033,no
26034,no
26035,no
26036,no
26037,no
26038,no
26039,no
26040,no
26041,no
26042,no
26043,no
26044,no
26045,no
26046,no
26047,no
26048,no
26049,no
26050,no
26051,no
26052,no
26053,no
26054,no
26055,no
26056,no
26057,no
26058,no
26059,no
26060,no
26061,no
26062,no
26063,no
26064,no
26065,no
26066,no
26067,no
26068,no
26069,no
26070,no
26071,no
26072,no
26073,no
26074,no
26075,no
26076,no
26077,no
26078,no
26079,no
26080,no
26081,no
26082,no
26083,no
26084,no
26085,no
26086,no
26087,no
26088,no
26089,no
26090,no
26091,no
26092,no
26093,no
26094,no
26095,no
26096,no
26097,no
26098,no
26099,no
26100,no
26101,no
26102,no
26103,no
26104,no
26105,no
26106,no
26107,no
26108,no
26109,no
26110,no
26111,no
26112,no
26113,no
26114,no
26115,no
26116,no
26117,no
26118,no
26119,no
26120,no
26121,no
26122,no
26123,no
26124,no
26125,no
26126,no
26127,no
26128,no
26129,no
26130,no
26131,no
26132,no
26133,no
26134,no
26135,no
26136,no
26137,no
26138,no
26139,no
26140,no
26141,no
26142,no
26143,no
26144,no
26145,no
26146,no
26147,no
26148,no
26149,no
26150,no
26151,no
26152,no
26153,no
26154,no
26155,no
26156,no
26157,no
26158,no
26159,no
26160,no
26161,no
26162,no
26163,no
26164,no
26165,no
26166,no
26167,no
26168,no
26169,no
26170,no
26171,no
26172,no
26173,no
26174,no
26175,no
26176,no
26177,no
26178,no
26179,no
26180,no
26181,no
26182,no
26183,no
26184,no
26185,no
26186,no
26187,no
26188,no
26189,no
26190,no
26191,no
26192,no
26193,no
26194,no
26195,no
26196,no
26197,no
26198,no
26199,no
26200,no
26201,no
26202,no
26203,no
26204,no
26205,no
26206,no
26207,no
26208,no
26209,no
26210,no
26211,no
26212,no
26213,no
26214,no
26215,no
26216,no
26217,no
26218,no
26219,no
26220,no
26221,no
26222,no
26223,no
26224,no
26225,no
26226,no
26227,no
26228,no
26229,no
26230,no
26231,no
26232,no
26233,no
26234,no
26235,no
26236,no
26237,no
26238,no
26239,no
26240,no
26241,no
26242,no
26243,no
26244,no
26245,no
26246,no
26247,no
26248,no
26249,no
26250,no
26251,no
26252,no
26253,no
26254,no
26255,no
26256,no
26257,no
26258,no
26259,no
26260,no
26261,no
26262,no
26263,no
26264,no
26265,no
26266,no
26267,no
26268,no
26269,no
26270,no
26271,no
26272,no
26273,no
26274,no
26275,no
26276,no
26277,no
26278,no
26279,no
26280,no
26281,no
26282,no
26283,no
26284,no
26285,no
26286,no
26287,no
26288,no
26289,no
26290,no
26291,no
26292,no
26293,no
26294,no
26295,no
26296,no
26297,no
26298,no
26299,no
26300,no
26301,no
26302,no
26303,no
26304,no
26305,no
26306,no
26307,no
26308,no
26309,no
26310,no
26311,no
26312,no
26313,no
26314,no
26315,no
26316,no
26317,no
26318,no
26319,no
26320,no
26321,no
26322,no
26323,no
26324,no
26325,no
26326,no
26327,no
26328,no
26329,no
26330,no
26331,no
26332,no
26333,no
26334,no
26335,no
26336,no
26337,no
26338,no
26339,no
26340,no
26341,no
26342,no
26343,no
26344,no
26345,no
26346,no
26347,no
26348,no
26349,no
26350,no
26351,no
26352,no
26353,no
26354,no
26355,no
26356,no
26357,no
26358,no
26359,no
26360,no
26361,no
26362,no
26363,no
26364,no
26365,no
26366,no
26367,no
26368,no
26369,no
26370,no
26371,no
26372,no
26373,no
26374,no
26375,no
26376,no
26377,no
26378,no
26379,no
26380,no
26381,no
26382,no
26383,no
26384,no
26385,no
26386,no
26387,no
26388,no
26389,no
26390,no
26391,no
26392,no
26393,no
26394,no
26395,no
26396,no
26397,no
26398,no
26399,no
26400,no
26401,no
26402,no
26403,no
26404,no
26405,no
26406,no
26407,no
26408,no
26409,no
26410,no
26411,no
26412,no
26413,no
26414,no
26415,no
26416,no
26417,no
26418,no
26419,no
26420,no
26421,no
26422,no
26423,no
26424,no
26425,no
26426,no
26427,no
26428,no
26429,no
26430,no
26431,no
26432,no
26433,no
26434,no
26435,no
26436,no
26437,no
26438,no
26439,no
26440,no
26441,no
26442,no
26443,no
26444,no
26445,no
26446,no
26447,no
26448,no
26449,no
26450,no
26451,no
26452,no
26453,no
26454,no
26455,no
26456,no
26457,no
26458,no
26459,no
26460,no
26461,no
26462,no
26463,no
26464,no
26465,no
26466,no
26467,no
26468,no
26469,no
26470,no
26471,no
26472,no
26473,no
26474,no
26475,no
26476,no
26477,no
26478,no
26479,no
26480,no
26481,no
26482,no
26483,no
26484,no
26485,no
26486,no
26487,no
26488,no
26489,no
26490,no
26491,no
26492,no
26493,no
26494,no
26495,no
26496,no
26497,no
26498,no
26499,no
26500,no
26501,no
26502,no
26503,no
26504,no
26505,no
26506,no
26507,no
26508,no
26509,no
26510,no
26511,no
26512,no
26513,no
26514,no
26515,no
26516,no
26517,no
26518,no
26519,no
26520,no
26521,no
26522,no
26523,no
26524,no
26525,no
26526,no
26527,no
26528,no
26529,no
26530,no
26531,no
26532,no
26533,no
26534,no
26535,no
26536,no
26537,no
26538,no
26539,no
26540,no
26541,no
26542,no
26543,no
26544,no
26545,no
26546,no
26547,no
26548,no
26549,no
26550,no
26551,no
26552,no
26553,no
26554,no
26555,no
26556,no
26557,no
26558,no
26559,no
26560,no
26561,no
26562,no
26563,no
26564,no
26565,no
26566,no
26567,no
26568,no
26569,no
26570,no
26571,no
26572,no
26573,no
26574,no
26575,no
26576,no
26577,no
26578,no
26579,no
26580,no
26581,no
26582,no
26583,no
26584,no
26585,no
26586,no
26587,no
26588,no
26589,no
26590,no
26591,no
26592,no
26593,no
26594,no
26595,no
26596,no
26597,no
26598,no
26599,no
26600,no
26601,no
26602,no
26603,no
26604,no
26605,no
26606,no
26607,no
26608,no
26609,no
26610,no
26611,no
26612,no
26613,no
26614,no
26615,no
26616,no
26617,no
26618,no
26619,no
26620,no
26621,no
26622,no
26623,no
26624,no
26625,no
26626,no
26627,no
26628,no
26629,no
26630,no
26631,no
26632,no
26633,no
26634,no
26635,no
26636,no
26637,no
26638,no
26639,no
26640,no
26641,no
26642,no
26643,no
26644,no
26645,no
26646,no
26647,no
26648,no
26649,no
26650,no
26651,no
26652,no
26653,no
26654,no
26655,no
26656,no
26657,no
26658,no
26659,no
26660,no
26661,no
26662,no
26663,no
26664,no
26665,no
26666,no
26667,no
26668,no
26669,no
26670,no
26671,no
26672,no
26673,no
26674,no
26675,no
26676,no
26677,no
26678,no
26679,no
26680,no
26681,no
26682,no
26683,no
26684,no
26685,no
26686,no
26687,no
26688,no
26689,no
26690,no
26691,no
26692,no
26693,no
26694,no
26695,no
26696,no
26697,no
26698,no
26699,no
26700,no
26701,no
26702,no
26703,no
26704,no
26705,no
26706,no
26707,no
26708,no
26709,no
26710,no
26711,no
26712,no
26713,no
26714,no
26715,no
26716,no
26717,no
26718,no
26719,no
26720,no
26721,no
26722,no
26723,no
26724,no
26725,no
26726,no
26727,no
26728,no
26729,no
26730,no
26731,no
26732,no
26733,no
26734,no
26735,no
26736,no
26737,no
26738,no
26739,no
26740,no
26741,no
26742,no
26743,no
26744,no
26745,no
26746,no
26747,no
26748,no
26749,no
26750,no
26751,no
26752,no
26753,no
26754,no
26755,no
26756,no
26757,no
26758,no
26759,no
26760,no
26761,no
26762,no
26763,no
26764,no
26765,no
26766,no
26767,no
26768,no
26769,no
26770,no
26771,no
26772,no
26773,no
26774,no
26775,no
26776,no
26777,no
26778,no
26779,no
26780,no
26781,no
26782,no
26783,no
26784,no
26785,no
26786,no
26787,no
26788,no
26789,no
26790,no
26791,no
26792,no
26793,no
26794,no
26795,no
26796,no
26797,no
26798,no
26799,no
26800,no
26801,no
26802,no
26803,no
26804,no
26805,no
26806,no
26807,no
26808,no
26809,no
26810,no
26811,no
26812,no
26813,no
26814,no
26815,no
26816,no
26817,no
26818,no
26819,no
26820,no
26821,no
26822,no
26823,no
26824,no
26825,no
26826,no
26827,no
26828,no
26829,no
26830,no
26831,no
26832,no
26833,no
26834,no
26835,no
26836,no
26837,no
26838,no
26839,no
26840,no
26841,no
26842,no
26843,no
26844,no
26845,no
26846,no
26847,no
26848,no
26849,no
26850,no
26851,no
26852,no
26853,no
26854,no
26855,no
26856,no
26857,no
26858,no
26859,no
26860,no
26861,no
26862,no
26863,no
26864,no
26865,no
26866,no
26867,no
26868,no
26869,no
26870,no
26871,no
26872,no
26873,no
26874,no
26875,no
26876,no
26877,no
26878,no
26879,no
26880,no
26881,no
26882,no
26883,no
26884,no
26885,no
26886,no
26887,no
26888,no
26889,no
26890,no
26891,no
26892,no
26893,no
26894,no
26895,no
26896,no
26897,no
26898,no
26899,no
26900,no
26901,no
26902,no
26903,no
26904,no
26905,no
26906,no
26907,no
26908,no
26909,no
26910,no
26911,no
26912,no
26913,no
26914,no
26915,no
26916,no
26917,no
26918,no
26919,no
26920,no
26921,no
26922,no
26923,no
26924,no
26925,no
26926,no
26927,no
26928,no
26929,no
26930,no
26931,no
26932,no
26933,no
26934,no
26935,no
26936,no
26937,no
26938,no
26939,no
26940,no
26941,no
26942,no
26943,no
26944,no
26945,no
26946,no
26947,no
26948,no
26949,no
26950,no
26951,no
26952,no
26953,no
26954,no
26955,no
26956,no
26957,no
26958,no
26959,no
26960,no
26961,no
26962,no
26963,no
26964,no
26965,no
26966,no
26967,no
26968,no
26969,no
26970,no
26971,no
26972,no
26973,no
26974,no
26975,no
26976,no
26977,no
26978,no
26979,no
26980,no
26981,no
26982,no
26983,no
26984,no
26985,no
26986,no
26987,no
26988,no
26989,no
26990,no
26991,no
26992,no
26993,no
26994,no
26995,no
26996,no
26997,no
26998,no
26999,no
27000,no
27001,no
27002,no
27003,no
27004,no
27005,no
27006,no
27007,no
27008,no
27009,no
27010,no
27011,no
27012,no
27013,no
27014,no
27015,no
27016,no
27017,no
27018,no
27019,no
27020,no
27021,no
27022,no
27023,no
27024,no
27025,no
27026,no
27027,no
27028,no
27029,no
27030,no
27031,no
27032,no
27033,no
27034,no
27035,no
27036,no
27037,no
27038,no
27039,no
27040,no
27041,no
27042,no
27043,no
27044,no
27045,no
27046,no
27047,no
27048,no
27049,no
27050,no
27051,no
27052,no
27053,no
27054,no
27055,no
27056,no
27057,no
27058,no
27059,no
27060,no
27061,no
27062,no
27063,no
27064,no
27065,no
27066,no
27067,no
27068,no
27069,no
27070,no
27071,no
27072,no
27073,no
27074,no
27075,no
27076,no
27077,no
27078,no
27079,no
27080,no
27081,no
27082,no
27083,no
27084,no
27085,no
27086,no
27087,no
27088,no
27089,no
27090,no
27091,no
27092,no
27093,no
27094,no
27095,no
27096,no
27097,no
27098,no
27099,no
27100,no
27101,no
27102,no
27103,no
27104,no
27105,no
27106,no
27107,no
27108,no
27109,no
27110,no
27111,no
27112,no
27113,no
27114,no
27115,no
27116,no
27117,no
27118,no
27119,no
27120,no
27121,no
27122,no
27123,no
27124,no
27125,no
27126,no
27127,no
27128,no
27129,no
27130,no
27131,no
27132,no
27133,no
27134,no
27135,no
27136,no
27137,no
27138,no
27139,no
27140,no
27141,no
27142,no
27143,no
27144,no
27145,no
27146,no
27147,no
27148,no
27149,no
27150,no
27151,no
27152,no
27153,no
27154,no
27155,no
27156,no
27157,no
27158,no
27159,no
27160,no
27161,no
27162,no
27163,no
27164,no
27165,no
27166,no
27167,no
27168,no
27169,no
27170,no
27171,no
27172,no
27173,no
27174,no
27175,no
27176,no
27177,no
27178,no
27179,no
27180,no
27181,no
27182,no
27183,no
27184,no
27185,no
27186,no
27187,no
27188,no
27189,no
27190,no
27191,no
27192,no
27193,no
27194,no
27195,no
27196,no
27197,no
27198,no
27199,no
27200,no
27201,no
27202,no
27203,no
27204,no
27205,no
27206,no
27207,no
27208,no
27209,no
27210,no
27211,no
27212,no
27213,no
27214,no
27215,no
27216,no
27217,no
27218,no
27219,no
27220,no
27221,no
27222,no
27223,no
27224,no
27225,no
27226,no
27227,no
27228,no
27229,no
27230,no
27231,no
27232,no
27233,no
27234,no
27235,no
27236,no
27237,no
27238,no
27239,no
27240,no
27241,no
27242,no
27243,no
27244,no
27245,no
27246,no
27247,no
27248,no
27249,no
27250,no
27251,no
27252,no
27253,no
27254,no
27255,no
27256,no
27257,no
27258,no
27259,no
27260,no
27261,no
27262,no
27263,no
27264,no
27265,no
27266,no
27267,no
27268,no
27269,no
27270,no
27271,no
27272,no
27273,no
27274,no
27275,no
27276,no
27277,no
27278,no
27279,no
27280,no
27281,no
27282,no
27283,no
27284,no
27285,no
27286,no
27287,no
27288,no
27289,no
27290,no
27291,no
27292,no
27293,no
27294,no
27295,no
27296,no
27297,no
27298,no
27299,no
27300,no
27301,no
27302,no
27303,no
27304,no
27305,no
27306,no
27307,no
27308,no
27309,no
27310,no
27311,no
27312,no
27313,no
27314,no
27315,no
27316,no
27317,no
27318,no
27319,no
27320,no
27321,no
27322,no
27323,no
27324,no
27325,no
27326,no
27327,no
27328,no
27329,no
27330,no
27331,no
27332,no
27333,no
27334,no
27335,no
27336,no
27337,no
27338,no
27339,no
27340,no
27341,no
27342,no
27343,no
27344,no
27345,no
27346,no
27347,no
27348,no
27349,no
27350,no
27351,no
27352,no
27353,no
27354,no
27355,no
27356,no
27357,no
27358,no
27359,no
27360,no
27361,no
27362,no
27363,no
27364,no
27365,no
27366,no
27367,no
27368,no
27369,no
27370,no
27371,no
27372,no
27373,no
27374,no
27375,no
27376,no
27377,no
27378,no
27379,no
27380,no
27381,no
27382,no
27383,no
27384,no
27385,no
27386,no
27387,no
27388,no
27389,no
27390,no
27391,no
27392,no
27393,no
27394,no
27395,no
27396,no
27397,no
27398,no
27399,no
27400,no
27401,no
27402,no
27403,no
27404,no
27405,no
27406,no
27407,no
27408,no
27409,no
27410,no
27411,no
27412,no
27413,no
27414,no
27415,no
27416,no
27417,no
27418,no
27419,no
27420,no
27421,no
27422,no
27423,no
27424,no
27425,no
27426,no
27427,no
27428,no
27429,no
27430,no
27431,no
27432,no
27433,no
27434,no
27435,no
27436,no
27437,no
27438,no
27439,no
27440,no
27441,no
27442,no
27443,no
27444,no
27445,no
27446,no
27447,no
27448,no
27449,no
27450,no
27451,no
27452,no
27453,no
27454,no
27455,no
27456,no
27457,no
27458,no
27459,no
27460,no
27461,no
27462,no
27463,no
27464,no
27465,no
27466,no
27467,no
27468,no
27469,no
27470,no
27471,no
27472,no
27473,no
27474,no
27475,no
27476,no
27477,no
27478,no
27479,no
27480,no
27481,no
27482,no
27483,no
27484,no
27485,no
27486,no
27487,no
27488,no
27489,no
27490,no
27491,no
27492,no
27493,no
27494,no
27495,no
27496,no
27497,no
27498,no
27499,no
27500,no
27501,no
27502,no
27503,no
27504,no
27505,no
27506,no
27507,no
27508,no
27509,no
27510,no
27511,no
27512,no
27513,no
27514,no
27515,no
27516,no
27517,no
27518,no
27519,no
27520,no
27521,no
27522,no
27523,no
27524,no
27525,no
27526,no
27527,no
27528,no
27529,no
27530,no
27531,no
27532,no
27533,no
27534,no
27535,no
27536,no
27537,no
27538,no
27539,no
27540,no
27541,no
27542,no
27543,no
27544,no
27545,no
27546,no
27547,no
27548,no
27549,no
27550,no
27551,no
27552,no
27553,no
27554,no
27555,no
27556,no
27557,no
27558,no
27559,no
27560,no
27561,no
27562,no
27563,no
27564,no
27565,no
27566,no
27567,no
27568,no
27569,no
27570,no
27571,no
27572,no
27573,no
27574,no
27575,no
27576,no
27577,no
27578,no
27579,no
27580,no
27581,no
27582,no
27583,no
27584,no
27585,no
27586,no
27587,no
27588,no
27589,no
27590,no
27591,no
27592,no
27593,no
27594,no
27595,no
27596,no
27597,no
27598,no
27599,no
27600,no
27601,no
27602,no
27603,no
27604,no
27605,no
27606,no
27607,no
27608,no
27609,no
27610,no
27611,no
27612,no
27613,no
27614,no
27615,no
27616,no
27617,no
27618,no
27619,no
27620,no
27621,no
27622,no
27623,no
27624,no
27625,no
27626,no
27627,no
27628,no
27629,no
27630,no
27631,no
27632,no
27633,no
27634,no
27635,no
27636,no
27637,no
27638,no
27639,no
27640,no
27641,no
27642,no
27643,no
27644,no
27645,no
27646,no
27647,no
27648,no
27649,no
27650,no
27651,no
27652,no
27653,no
27654,no
27655,no
27656,no
27657,no
27658,no
27659,no
27660,no
27661,no
27662,no
27663,no
27664,no
27665,no
27666,no
27667,no
27668,no
27669,no
27670,no
27671,no
27672,no
27673,no
27674,no
27675,no
27676,no
27677,no
27678,no
27679,no
27680,no
27681,no
27682,no
27683,no
27684,no
27685,no
27686,no
27687,no
27688,no
27689,no
27690,no
27691,no
27692,no
27693,no
27694,no
27695,no
27696,no
27697,no
27698,no
27699,no
27700,no
27701,no
27702,no
27703,no
27704,no
27705,no
27706,no
27707,no
27708,no
27709,no
27710,no
27711,no
27712,no
27713,no
27714,no
27715,no
27716,no
27717,no
27718,no
27719,no
27720,no
27721,no
27722,no
27723,no
27724,no
27725,no
27726,no
27727,no
27728,no
27729,no
27730,no
27731,no
27732,no
27733,no
27734,no
27735,no
27736,no
27737,no
27738,no
27739,no
27740,no
27741,no
27742,no
27743,no
27744,no
27745,no
27746,no
27747,no
27748,no
27749,no
27750,no
27751,no
27752,no
27753,no
27754,no
27755,no
27756,no
27757,no
27758,no
27759,no
27760,no
27761,no
27762,no
27763,no
27764,no
27765,no
27766,no
27767,no
27768,no
27769,no
27770,no
27771,no
27772,no
27773,no
27774,no
27775,no
27776,no
27777,no
27778,no
27779,no
27780,no
27781,no
27782,no
27783,no
27784,no
27785,no
27786,no
27787,no
27788,no
27789,no
27790,no
27791,no
27792,no
27793,no
27794,no
27795,no
27796,no
27797,no
27798,no
27799,no
27800,no
27801,no
27802,no
27803,no
27804,no
27805,no
27806,no
27807,no
27808,no
27809,no
27810,no
27811,no
27812,no
27813,no
27814,no
27815,no
27816,no
27817,no
27818,no
27819,no
27820,no
27821,no
27822,no
27823,no
27824,no
27825,no
27826,no
27827,no
27828,no
27829,no
27830,no
27831,no
27832,no
27833,no
27834,no
27835,no
27836,no
27837,no
27838,no
27839,no
27840,no
27841,no
27842,no
27843,no
27844,no
27845,no
27846,no
27847,no
27848,no
27849,no
27850,no
27851,no
27852,no
27853,no
27854,no
27855,no
27856,no
27857,no
27858,no
27859,no
27860,no
27861,no
27862,no
27863,no
27864,no
27865,no
27866,no
27867,no
27868,no
27869,no
27870,no
27871,no
27872,no
27873,no
27874,no
27875,no
27876,no
27877,no
27878,no
27879,no
27880,no
27881,no
27882,no
27883,no
27884,no
27885,no
27886,no
27887,no
27888,no
27889,no
27890,no
27891,no
27892,no
27893,no
27894,no
27895,no
27896,no
27897,no
27898,no
27899,no
27900,no
27901,no
27902,no
27903,no
27904,no
27905,no
27906,no
27907,no
27908,no
27909,no
27910,no
27911,no
27912,no
27913,no
27914,no
27915,no
27916,no
27917,no
27918,no
27919,no
27920,no
27921,no
27922,no
27923,no
27924,no
27925,no
27926,no
27927,no
27928,no
27929,no
27930,no
27931,no
27932,no
27933,no
27934,no
27935,no
27936,no
27937,no
27938,no
27939,no
27940,no
27941,no
27942,no
27943,no
27944,no
27945,no
27946,no
27947,no
27948,no
27949,no
27950,no
27951,no
27952,no
27953,no
27954,no
27955,no
27956,no
27957,no
27958,no
27959,no
27960,no
27961,no
27962,no
27963,no
27964,no
27965,no
27966,no
27967,no
27968,no
27969,no
27970,no
27971,no
27972,no
27973,no
27974,no
27975,no
27976,no
27977,no
27978,no
27979,no
27980,no
27981,no
27982,no
27983,no
27984,no
27985,no
27986,no
27987,no
27988,no
27989,no
27990,no
27991,no
27992,no
27993,no
27994,no
27995,no
27996,no
27997,no
27998,no
27999,no
28000,no
28001,no
28002,no
28003,no
28004,no
28005,no
28006,no
28007,no
28008,no
28009,no
28010,no
28011,no
28012,no
28013,no
28014,no
28015,no
28016,no
28017,no
28018,no
28019,no
28020,no
28021,no
28022,no
28023,no
28024,no
28025,no
28026,no
28027,no
28028,no
28029,no
28030,no
28031,no
28032,no
28033,no
28034,no
28035,no
28036,no
28037,no
28038,no
28039,no
28040,no
28041,no
28042,no
28043,no
28044,no
28045,no
28046,no
28047,no
28048,no
28049,no
28050,no
28051,no
28052,no
28053,no
28054,no
28055,no
28056,no
28057,no
28058,no
28059,no
28060,no
28061,no
28062,no
28063,no
28064,no
28065,no
28066,no
28067,no
28068,no
28069,no
28070,no
28071,no
28072,no
28073,no
28074,no
28075,no
28076,no
28077,no
28078,no
28079,no
28080,no
28081,no
28082,no
28083,no
28084,no
28085,no
28086,no
28087,no
28088,no
28089,no
28090,no
28091,no
28092,no
28093,no
28094,no
28095,no
28096,no
28097,no
28098,no
28099,no
28100,no
28101,no
28102,no
28103,no
28104,no
28105,no
28106,no
28107,no
28108,no
28109,no
28110,no
28111,no
28112,no
28113,no
28114,no
28115,no
28116,no
28117,no
28118,no
28119,no
28120,no
28121,no
28122,no
28123,no
28124,no
28125,no
28126,no
28127,no
28128,no
28129,no
28130,no
28131,no
28132,no
28133,no
28134,no
28135,no
28136,no
28137,no
28138,no
28139,no
28140,no
28141,no
28142,no
28143,no
28144,no
28145,no
28146,no
28147,no
28148,no
28149,no
28150,no
28151,no
28152,no
28153,no
28154,no
28155,no
28156,no
28157,no
28158,no
28159,no
28160,no
28161,no
28162,no
28163,no
28164,no
28165,no
28166,no
28167,no
28168,no
28169,no
28170,no
28171,no
28172,no
28173,no
28174,no
28175,no
28176,no
28177,no
28178,no
28179,no
28180,no
28181,no
28182,no
28183,no
28184,no
28185,no
28186,no
28187,no
28188,no
28189,no
28190,no
28191,no
28192,no
28193,no
28194,no
28195,no
28196,no
28197,no
28198,no
28199,no
28200,no
28201,no
28202,no
28203,no
28204,no
28205,no
28206,no
28207,no
28208,no
28209,no
28210,no
28211,no
28212,no
28213,no
28214,no
28215,no
28216,no
28217,no
28218,no
28219,no
28220,no
28221,no
28222,no
28223,no
28224,no
28225,no
28226,no
28227,no
28228,no
28229,no
28230,no
28231,no
28232,no
28233,no
28234,no
28235,no
28236,no
28237,no
28238,no
28239,no
28240,no
28241,no
28242,no
28243,no
28244,no
28245,no
28246,no
28247,no
28248,no
28249,no
28250,no
28251,no
28252,no
28253,no
28254,no
28255,no
28256,no
28257,no
28258,no
28259,no
28260,no
28261,no
28262,no
28263,no
28264,no
28265,no
28266,no
28267,no
28268,no
28269,no
28270,no
28271,no
28272,no
28273,no
28274,no
28275,no
28276,no
28277,no
28278,no
28279,no
28280,no
28281,no
28282,no
28283,no
28284,no
28285,no
28286,no
28287,no
28288,no
28289,no
28290,no
28291,no
28292,no
28293,no
28294,no
28295,no
28296,no
28297,no
28298,no
28299,no
28300,no
28301,no
28302,no
28303,no
28304,no
28305,no
28306,no
28307,no
28308,no
28309,no
28310,no
28311,no
28312,no
28313,no
28314,no
28315,no
28316,no
28317,no
28318,no
28319,no
28320,no
28321,no
28322,no
28323,no
28324,no
28325,no
28326,no
28327,no
28328,no
28329,no
28330,no
28331,no
28332,no
28333,no
28334,no
28335,no
28336,no
28337,no
28338,no
28339,no
28340,no
28341,no
28342,no
28343,no
28344,no
28345,no
28346,no
28347,no
28348,no
28349,no
28350,no
28351,no
28352,no
28353,no
28354,no
28355,no
28356,no
28357,no
28358,no
28359,no
28360,no
28361,no
28362,no
28363,no
28364,no
28365,no
28366,no
28367,no
28368,no
28369,no
28370,no
28371,no
28372,no
28373,no
28374,no
28375,no
28376,no
28377,no
28378,no
28379,no
28380,no
28381,no
28382,no
28383,no
28384,no
28385,no
28386,no
28387,no
28388,no
28389,no
28390,no
28391,no
28392,no
28393,no
28394,no
28395,no
28396,no
28397,no
28398,no
28399,no
28400,no
28401,no
28402,no
28403,no
28404,no
28405,no
28406,no
28407,no
28408,no
28409,no
28410,no
28411,no
28412,no
28413,no
28414,no
28415,no
28416,no
28417,no
28418,no
28419,no
28420,no
28421,no
28422,no
28423,no
28424,no
28425,no
28426,no
28427,no
28428,no
28429,no
28430,no
28431,no
28432,no
28433,no
28434,no
28435,no
28436,no
28437,no
28438,no
28439,no
28440,no
28441,no
28442,no
28443,no
28444,no
28445,no
28446,no
28447,no
28448,no
28449,no
28450,no
28451,no
28452,no
28453,no
28454,no
28455,no
28456,no
28457,no
28458,no
28459,no
28460,no
28461,no
28462,no
28463,no
28464,no
28465,no
28466,no
28467,no
28468,no
28469,no
28470,no
28471,no
28472,no
28473,no
28474,no
28475,no
28476,no
28477,no
28478,no
28479,no
28480,no
28481,no
28482,no
28483,no
28484,no
28485,no
28486,no
28487,no
28488,no
28489,no
28490,no
28491,no
28492,no
28493,no
28494,no
28495,no
28496,no
28497,no
28498,no
28499,no
28500,no
28501,no
28502,no
28503,no
28504,no
28505,no
28506,no
28507,no
28508,no
28509,no
28510,no
28511,no
28512,no
28513,no
28514,no
28515,no
28516,no
28517,no
28518,no
28519,no
28520,no
28521,no
28522,no
28523,no
28524,no
28525,no
28526,no
28527,no
28528,no
28529,no
28530,no
28531,no
28532,no
28533,no
28534,no
28535,no
28536,no
28537,no
28538,no
28539,no
28540,no
28541,no
28542,no
28543,no
28544,no
28545,no
28546,no
28547,no
28548,no
28549,no
28550,no
28551,no
28552,no
28553,no
28554,no
28555,no
28556,no
28557,no
28558,no
28559,no
28560,no
28561,no
28562,no
28563,no
28564,no
28565,no
28566,no
28567,no
28568,no
28569,no
28570,no
28571,no
28572,no
28573,no
28574,no
28575,no
28576,no
28577,no
28578,no
28579,no
28580,no
28581,no
28582,no
28583,no
28584,no
28585,no
28586,no
28587,no
28588,no
28589,no
28590,no
28591,no
28592,no
28593,no
28594,no
28595,no
28596,no
28597,no
28598,no
28599,no
28600,no
28601,no
28602,no
28603,no
28604,no
28605,no
28606,no
28607,no
28608,no
28609,no
28610,no
28611,no
28612,no
28613,no
28614,no
28615,no
28616,no
28617,no
28618,no
28619,no
28620,no
28621,no
28622,no
28623,no
28624,no
28625,no
28626,no
28627,no
28628,no
28629,no
28630,no
28631,no
28632,no
28633,no
28634,no
28635,no
28636,no
28637,no
28638,no
28639,no
28640,no
28641,no
28642,no
28643,no
28644,no
28645,no
28646,no
28647,no
28648,no
28649,no
28650,no
28651,no
28652,no
28653,no
28654,no
28655,no
28656,no
28657,no
28658,no
28659,no
28660,no
28661,no
28662,no
28663,no
28664,no
28665,no
28666,no
28667,no
28668,no
28669,no
28670,no
28671,no
28672,no
28673,no
28674,no
28675,no
28676,no
28677,no
28678,no
28679,no
28680,no
28681,no
28682,no
28683,no
28684,no
28685,no
28686,no
28687,no
28688,no
28689,no
28690,no
28691,no
28692,no
28693,no
28694,no
28695,no
28696,no
28697,no
28698,no
28699,no
28700,no
28701,no
28702,no
28703,no
28704,no
28705,no
28706,no
28707,no
28708,no
28709,no
28710,no
28711,no
28712,no
28713,no
28714,no
28715,no
28716,no
28717,no
28718,no
28719,no
28720,no
28721,no
28722,no
28723,no
28724,no
28725,no
28726,no
28727,no
28728,no
28729,no
28730,no
28731,no
28732,no
28733,no
28734,no
28735,no
28736,no
28737,no
28738,no
28739,no
28740,no
28741,no
28742,no
28743,no
28744,no
28745,no
28746,no
28747,no
28748,no
28749,no
28750,no
28751,no
28752,no
28753,no
28754,no
28755,no
28756,no
28757,no
28758,no
28759,no
28760,no
28761,no
28762,no
28763,no
28764,no
28765,no
28766,no
28767,no
28768,no
28769,no
28770,no
28771,no
28772,no
28773,no
28774,no
28775,no
28776,no
28777,no
28778,no
28779,no
28780,no
28781,no
28782,no
28783,no
28784,no
28785,no
28786,no
28787,no
28788,no
28789,no
28790,no
28791,no
28792,no
28793,no
28794,no
28795,no
28796,no
28797,no
28798,no
28799,no
28800,no
28801,no
28802,no
28803,no
28804,no
28805,no
28806,no
28807,no
28808,no
28809,no
28810,no
28811,no
28812,no
28813,no
28814,no
28815,no
28816,no
28817,no
28818,no
28819,no
28820,no
28821,no
28822,no
28823,no
28824,no
28825,no
28826,no
28827,no
28828,no
28829,no
28830,no
28831,no
28832,no
28833,no
28834,no
28835,no
28836,no
28837,no
28838,no
28839,no
28840,no
28841,no
28842,no
28843,no
28844,no
28845,no
28846,no
28847,no
28848,no
28849,no
28850,no
28851,no
28852,no
28853,no
28854,no
28855,no
28856,no
28857,no
28858,no
28859,no
28860,no
28861,no
28862,no
28863,no
28864,no
28865,no
28866,no
28867,no
28868,no
28869,no
28870,no
28871,no
28872,no
28873,no
28874,no
28875,no
28876,no
28877,no
28878,no
28879,no
28880,no
28881,no
28882,no
28883,no
28884,no
28885,no
28886,no
28887,no
28888,no
28889,no
28890,no
28891,no
28892,no
28893,no
28894,no
28895,no
28896,no
28897,no
28898,no
28899,no
28900,no
28901,no
28902,no
28903,no
28904,no
28905,no
28906,no
28907,no
28908,no
28909,no
28910,no
28911,no
28912,no
28913,no
28914,no
28915,no
28916,no
28917,no
28918,no
28919,no
28920,no
28921,no
28922,no
28923,no
28924,no
28925,no
28926,no
28927,no
28928,no
28929,no
28930,no
28931,no
28932,no
28933,no
28934,no
28935,no
28936,no
28937,no
28938,no
28939,no
28940,no
28941,no
28942,no
28943,no
28944,no
28945,no
28946,no
28947,no
28948,no
28949,no
28950,no
28951,no
28952,no
28953,no
28954,no
28955,no
28956,no
28957,no
28958,no
28959,no
28960,no
28961,no
28962,no
28963,no
28964,no
28965,no
28966,no
28967,no
28968,no
28969,no
28970,no
28971,no
28972,no
28973,no
28974,no
28975,no
28976,no
28977,no
28978,no
28979,no
28980,no
28981,no
28982,no
28983,no
28984,no
28985,no
28986,no
28987,no
28988,no
28989,no
28990,no
28991,no
28992,no
28993,no
28994,no
28995,no
28996,no
28997,no
28998,no
28999,no
29000,no
29001,no
29002,no
29003,no
29004,no
29005,no
29006,no
29007,no
29008,no
29009,no
29010,no
29011,no
29012,no
29013,no
29014,no
29015,no
29016,no
29017,no
29018,no
29019,no
29020,no
29021,no
29022,no
29023,no
29024,no
29025,no
29026,no
29027,no
29028,no
29029,no
29030,no
29031,no
29032,no
29033,no
29034,no
29035,no
29036,no
29037,no
29038,no
29039,no
29040,no
29041,no
29042,no
29043,no
29044,no
29045,no
29046,no
29047,no
29048,no
29049,no
29050,no
29051,no
29052,no
29053,no
29054,no
29055,no
29056,no
29057,no
29058,no
29059,no
29060,no
29061,no
29062,no
29063,no
29064,no
29065,no
29066,no
29067,no
29068,no
29069,no
29070,no
29071,no
29072,no
29073,no
29074,no
29075,no
29076,no
29077,no
29078,no
29079,no
29080,no
29081,no
29082,no
29083,no
29084,no
29085,no
29086,no
29087,no
29088,no
29089,no
29090,no
29091,no
29092,no
29093,no
29094,no
29095,no
29096,no
29097,no
29098,no
29099,no
29100,no
29101,no
29102,no
29103,no
29104,no
29105,no
29106,no
29107,no
29108,no
29109,no
29110,no
29111,no
29112,no
29113,no
29114,no
29115,no
29116,no
29117,no
29118,no
29119,no
29120,no
29121,no
29122,no
29123,no
29124,no
29125,no
29126,no
29127,no
29128,no
29129,no
29130,no
29131,no
29132,no
29133,no
29134,no
29135,no
29136,no
29137,no
29138,no
29139,no
29140,no
29141,no
29142,no
29143,no
29144,no
29145,no
29146,no
29147,no
29148,no
29149,no
29150,no
29151,no
29152,no
29153,no
29154,no
29155,no
29156,no
29157,no
29158,no
29159,no
29160,no
29161,no
29162,no
29163,no
29164,no
29165,no
29166,no
29167,no
29168,no
29169,no
29170,no
29171,no
29172,no
29173,no
29174,no
29175,no
29176,no
29177,no
29178,no
29179,no
29180,no
29181,no
29182,no
29183,no
29184,no
29185,no
29186,no
29187,no
29188,no
29189,no
29190,no
29191,no
29192,no
29193,no
29194,no
29195,no
29196,no
29197,no
29198,no
29199,no
29200,no
29201,no
29202,no
29203,no
29204,no
29205,no
29206,no
29207,no
29208,no
29209,no
29210,no
29211,no
29212,no
29213,no
29214,no
29215,no
29216,no
29217,no
29218,no
29219,no
29220,no
29221,no
29222,no
29223,no
29224,no
29225,no
29226,no
29227,no
29228,no
29229,no
29230,no
29231,no
29232,no
29233,no
29234,no
29235,no
29236,no
29237,no
29238,no
29239,no
29240,no
29241,no
29242,no
29243,no
29244,no
29245,no
29246,no
29247,no
29248,no
29249,no
29250,no
29251,no
29252,no
29253,no
29254,no
29255,no
29256,no
29257,no
29258,no
29259,no
29260,no
29261,no
29262,no
29263,no
29264,no
29265,no
29266,no
29267,no
29268,no
29269,no
29270,no
29271,no
29272,no
29273,no
29274,no
29275,no
29276,no
29277,no
29278,no
29279,no
29280,no
29281,no
29282,no
29283,no
29284,no
29285,no
29286,no
29287,no
29288,no
29289,no
29290,no
29291,no
29292,no
29293,no
29294,no
29295,no
29296,no
29297,no
29298,no
29299,no
29300,no
29301,no
29302,no
29303,no
29304,no
29305,no
29306,no
29307,no
29308,no
29309,no
29310,no
29311,no
29312,no
29313,no
29314,no
29315,no
29316,no
29317,no
29318,no
29319,no
29320,no
29321,no
29322,no
29323,no
29324,no
29325,no
29326,no
29327,no
29328,no
29329,no
29330,no
29331,no
29332,no
29333,no
29334,no
29335,no
29336,no
29337,no
29338,no
29339,no
29340,no
29341,no
29342,no
29343,no
29344,no
29345,no
29346,no
29347,no
29348,no
29349,no
29350,no
29351,no
29352,no
29353,no
29354,no
29355,no
29356,no
29357,no
29358,no
29359,no
29360,no
29361,no
29362,no
29363,no
29364,no
29365,no
29366,no
29367,no
29368,no
29369,no
29370,no
29371,no
29372,no
29373,no
29374,no
29375,no
29376,no
29377,no
29378,no
29379,no
29380,no
29381,no
29382,no
29383,no
29384,no
29385,no
29386,no
29387,no
29388,no
29389,no
29390,no
29391,no
29392,no
29393,no
29394,no
29395,no
29396,no
29397,no
29398,no
29399,no
29400,no
29401,no
29402,no
29403,no
29404,no
29405,no
29406,no
29407,no
29408,no
29409,no
29410,no
29411,no
29412,no
29413,no
29414,no
29415,no
29416,no
29417,no
29418,no
29419,no
29420,no
29421,no
29422,no
29423,no
29424,no
29425,no
29426,no
29427,no
29428,no
29429,no
29430,no
29431,no
29432,no
29433,no
29434,no
29435,no
29436,no
29437,no
29438,no
29439,no
29440,no
29441,no
29442,no
29443,no
29444,no
29445,no
29446,no
29447,no
29448,no
29449,no
29450,no
29451,no
29452,no
29453,no
29454,no
29455,no
29456,no
29457,no
29458,no
29459,no
29460,no
29461,no
29462,no
29463,no
29464,no
29465,no
29466,no
29467,no
29468,no
29469,no
29470,no
29471,no
29472,no
29473,no
29474,no
29475,no
29476,no
29477,no
29478,no
29479,no
29480,no
29481,no
29482,no
29483,no
29484,no
29485,no
29486,no
29487,no
29488,no
29489,no
29490,no
29491,no
29492,no
29493,no
29494,no
29495,no
29496,no
29497,no
29498,no
29499,no
29500,no
29501,no
29502,no
29503,no
29504,no
29505,no
29506,no
29507,no
29508,no
29509,no
29510,no
29511,no
29512,no
29513,no
29514,no
29515,no
29516,no
29517,no
29518,no
29519,no
29520,no
29521,no
29522,no
29523,no
29524,no
29525,no
29526,no
29527,no
29528,no
29529,no
29530,no
29531,no
29532,no
29533,no
29534,no
29535,no
29536,no
29537,no
29538,no
29539,no
29540,no
29541,no
29542,no
29543,no
29544,no
29545,no
29546,no
29547,no
29548,no
29549,no
29550,no
29551,no
29552,no
29553,no
29554,no
29555,no
29556,no
29557,no
29558,no
29559,no
29560,no
29561,no
29562,no
29563,no
29564,no
29565,no
29566,no
29567,no
29568,no
29569,no
29570,no
29571,no
29572,no
29573,no
29574,no
29575,no
29576,no
29577,no
29578,no
29579,no
29580,no
29581,no
29582,no
29583,no
29584,no
29585,no
29586,no
29587,no
29588,no
29589,no
29590,no
29591,no
29592,no
29593,no
29594,no
29595,no
29596,no
29597,no
29598,no
29599,no
29600,no
29601,no
29602,no
29603,no
29604,no
29605,no
29606,no
29607,no
29608,no
29609,no
29610,no
29611,no
29612,no
29613,no
29614,no
29615,no
29616,no
29617,no
29618,no
29619,no
29620,no
29621,no
29622,no
29623,no
29624,no
29625,no
29626,no
29627,no
29628,no
29629,no
29630,no
29631,no
29632,no
29633,no
29634,no
29635,no
29636,no
29637,no
29638,no
29639,no
29640,no
29641,no
29642,no
29643,no
29644,no
29645,no
29646,no
29647,no
29648,no
29649,no
29650,no
29651,no
29652,no
29653,no
29654,no
29655,no
29656,no
29657,no
29658,no
29659,no
29660,no
29661,no
29662,no
29663,no
29664,no
29665,no
29666,no
29667,no
29668,no
29669,no
29670,no
29671,no
29672,no
29673,no
29674,no
29675,no
29676,no
29677,no
29678,no
29679,no
29680,no
29681,no
29682,no
29683,no
29684,no
29685,no
29686,no
29687,no
29688,no
29689,no
29690,no
29691,no
29692,no
29693,no
29694,no
29695,no
29696,no
29697,no
29698,no
29699,no
29700,no
29701,no
29702,no
29703,no
29704,no
29705,no
29706,no
29707,no
29708,no
29709,no
29710,no
29711,no
29712,no
29713,no
29714,no
29715,no
29716,no
29717,no
29718,no
29719,no
29720,no
29721,no
29722,no
29723,no
29724,no
29725,no
29726,no
29727,no
29728,no
29729,no
29730,no
29731,no
29732,no
29733,no
29734,no
29735,no
29736,no
29737,no
29738,no
29739,no
29740,no
29741,no
29742,no
29743,no
29744,no
29745,no
29746,no
29747,no
29748,no
29749,no
29750,no
29751,no
29752,no
29753,no
29754,no
29755,no
29756,no
29757,no
29758,no
29759,no
29760,no
29761,no
29762,no
29763,no
29764,no
29765,no
29766,no
29767,no
29768,no
29769,no
29770,no
29771,no
29772,no
29773,no
29774,no
29775,no
29776,no
29777,no
29778,no
29779,no
29780,no
29781,no
29782,no
29783,no
29784,no
29785,no
29786,no
29787,no
29788,no
29789,no
29790,no
29791,no
29792,no
29793,no
29794,no
29795,no
29796,no
29797,no
29798,no
29799,no
29800,no
29801,no
29802,no
29803,no
29804,no
29805,no
29806,no
29807,no
29808,no
29809,no
29810,no
29811,no
29812,no
29813,no
29814,no
29815,no
29816,no
29817,no
29818,no
29819,no
29820,no
29821,no
29822,no
29823,no
29824,no
29825,no
29826,no
29827,no
29828,no
29829,no
29830,no
29831,no
29832,no
29833,no
29834,no
29835,no
29836,no
29837,no
29838,no
29839,no
29840,no
29841,no
29842,no
29843,no
29844,no
29845,no
29846,no
29847,no
29848,no
29849,no
29850,no
29851,no
29852,no
29853,no
29854,no
29855,no
29856,no
29857,no
29858,no
29859,no
29860,no
29861,no
29862,no
29863,no
29864,no
29865,no
29866,no
29867,no
29868,no
29869,no
29870,no
29871,no
29872,no
29873,no
29874,no
29875,no
29876,no
29877,no
29878,no
29879,no
29880,no
29881,no
29882,no
29883,no
29884,no
29885,no
29886,no
29887,no
29888,no
29889,no
29890,no
29891,no
29892,no
29893,no
29894,no
29895,no
29896,no
29897,no
29898,no
29899,no
29900,no
29901,no
29902,no
29903,no
29904,no
29905,no
29906,no
29907,no
29908,no
29909,no
29910,no
29911,no
29912,no
29913,no
29914,no
29915,no
29916,no
29917,no
29918,no
29919,no
29920,no
29921,no
29922,no
29923,no
29924,no
29925,no
29926,no
29927,no
29928,no
29929,no
29930,no
29931,no
29932,no
29933,no
29934,no
29935,no
29936,no
29937,no
29938,no
29939,no
29940,no
29941,no
29942,no
29943,no
29944,no
29945,no
29946,no
29947,no
29948,no
29949,no
29950,no
29951,no
29952,no
29953,no
29954,no
29955,no
29956,no
29957,no
29958,no
29959,no
29960,no
29961,no
29962,no
29963,no
29964,no
29965,no
29966,no
29967,no
29968,no
29969,no
29970,no
29971,no
29972,no
29973,no
29974,no
29975,no
29976,no
29977,no
29978,no
29979,no
29980,no
29981,no
29982,no
29983,no
29984,no
29985,no
29986,no
29987,no
29988,no
29989,no
29990,no
29991,no
29992,no
29993,no
29994,no
29995,no
29996,no
29997,no
29998,no
29999,no
30000,no
